name,lat,lon
Parbatipur,22.0125811,88.0149057
Madhya Santoshpur,22.6659785,88.16085149999999
Mansinghapur,22.6523934,88.144998
Krishnanandapur,22.6546578,88.0839695
Kolora,23.1296196,88.43988639999999
Parasia,,
Palashban,23.5915364,87.1621112
Jamsol,23.7103845,87.1497698
Berancha (Berua),,
Hatgancha,22.5555827,88.4707509
Gobindapur,,
Purba Bantra,22.2021046,88.5420304
Pashchim Shyamnagar,22.2157804,88.5722344
Banshidharpur,22.089298,87.3308055
Gangra,,
Khamarberia,23.432256,88.55411459999999
Chandpur,22.6851815,88.42706020000001
Kansina,22.5334983,87.016819
Malda Khonda,24.977532,88.13238199999999
Birban,,
Baro Singnath,22.5347171,88.2547621
Baldivasa,,
Gohara,,
Ladhi,26.0476793,87.95553489999999
Saatmeri,,
Uttor Bashanatpur,26.0267535,88.0448669
Binardaha,,
Bhuindhar,26.0251242,87.927352
Jhangartoli,25.9659285,87.91999700000001
Khamarpokhar,26.0883211,88.01062379999999
Lohagachhi,22.7791238,88.0326403
Ghoshpur Boura,22.3937113,88.4779272
Protappur,22.666983,87.7689535
Walipur,22.3720859,87.3221118
Sofiabad,21.8291776,87.8242722
Sobhanipur,,
Satkui,22.3761444,87.34260139999999
Samraipur,22.3738567,87.29415689999999
Rupnarayanpur,23.8145545,86.8866319
Ruisonda,,
Narayanpur,,
Nangarchak,,
Mohanpur,,
Mobarakchak,22.6069417,87.4833013
Matkatpur,22.3940122,87.34260139999999
Lelua Kole,,
Khanjorichak,,
Keshpal,22.3819377,87.3326682
Jinsahar,,
Jharia,23.1301847,86.40607460000001
Hajichak,22.3821814,87.3475672
Gokulpur,,
Doulatpur,25.3290095,88.3269552
Dhangorpara,24.2454254,88.7012651
Daimongachak,,
Charipal,22.3940178,87.33375459999999
Berkole,,
Benasol,23.727121,87.1709576
Bargai,22.3674345,87.3109319
Ajabpur,22.3939678,87.29477829999999
Ajabgar,22.3894596,87.29229269999999
Kumaria,22.6103851,87.9947163
Parasia,,
Shiarbediya,23.5010261,86.9273532
Jhanka,23.5217897,86.9248483
Kapistha,23.386802,87.1379254
Subarnator,23.3826123,87.15288629999999
Nishchintapur,21.9902315,88.2152393
Shaltora,23.524204,86.9342411
Shalbedya,,
Madhabpur,,
Kallapur,23.4076335,87.17967929999999
Ramnagar,,
Suarara,,
Radhashyampur,22.3526433,87.0998788
Sankarara,23.3794891,87.185908
Brahmanara,23.7978238,87.8758417
Charadihi,23.3706995,87.19338150000002
Rampur,,
Jemua,23.5567757,87.3761105
Jambedya,23.3734537,87.0593037
Bhiringgi,23.5534393,87.27619260000002
Barajuri,23.3598284,87.1267017
Dandulya,23.3359874,87.1242072
Ramkanali,23.5780052,86.76426239999999
Kenduabari,23.3237202,87.1447831
Arbat,23.3300384,87.1242072
Asanchua,23.3255311,87.1217126
Arjunpur,24.7195077,87.9396076
Biharjurya,,
Harekrishnapur,,
Brindabanpur,,
Atarya,23.3014332,87.1460298
Gobarddhanpur,22.3198976,87.6556468
Pirraboni,23.3255005,87.1609881
Dhabani Gobindapur,23.335799,87.1547561
Radhakrishnapur,22.6618335,87.8279577
Ola,22.5698135,88.4337248
Badageria,22.9472715,87.1410427
Maulakanda,22.938388,87.1435363
Ela,,
Panjkona,23.1178715,87.55565399999999
Amrul,23.1284591,87.5667751
Abdulpur,25.9239199,87.8758417
Karisunda,23.1169316,87.59147899999999
Paharpur,22.5244929,88.2971985
Fatepur,22.2846143,88.232467
Sanpura,,
Jagaldewip,,
Baragobindapur,23.0993728,87.6112325
Thakurani Pushkarini,23.1069803,87.6223402
Dasarathbati,23.1056214,87.6309776
Karardanga,22.5028072,88.51543319999999
Thakuranidighi,23.1219725,87.62974369999999
Dharampur,,
Charigram,23.1176737,87.6408469
Indas,23.1503719,87.6318066
Krishnabati,,
Baikunthapur,,
Dibakarbati,23.1474359,87.6408469
Birshimul,23.1110329,88.1498766
Sankrul,22.5445343,88.22177330000001
Shuripushkarini,23.1371841,87.65194729999999
Pilkhuri,23.3704006,87.83287120000001
Jagdabad,23.3628432,87.8242722
Mahinagar,23.3580209,87.79846529999999
Haldi,22.0666742,88.06981180000001
Kasiara,23.1801827,88.10009529999999
Patikirtipur,23.3478293,87.8144427
Gopalpur,,
Jiara,22.7235609,88.1760474
Alampur,,
Talit,23.3032285,87.8169003
Baghar,23.3108883,87.83287120000001
Nutangram,23.4500377,87.3959564
Amar,23.2900239,87.83041449999999
Chandul,23.2830481,87.8101417
Jhinguti,23.2794559,87.8193577
Nababhat,23.27063,87.8267292
Usufabad,23.269755,87.8031743
Kashimpur,25.2752221,87.92857769999999
Bara Polasan,,
Dihi Palashan,,
Kantabari,25.5001173,88.53356939999999
Gorapur,23.2891098,88.1059495
Bijur,23.2697495,88.1047287
Kalyanpur,22.5006615,87.91509309999999
Barari,23.2963292,88.08763359999999
Kantipur,23.2776464,88.0809159
Bangram,23.9696346,87.62974369999999
Bhundul,19.212346,72.87272
Jamui,22.4877472,86.9185854
Fakirpur,23.2290333,87.83164289999999
Ausgram,23.5256369,87.663045
Kunjanagar,26.5530823,89.2419658
Kurumba,23.5494323,87.663045
Nabagram,,
Mallickpur,22.7949486,88.91264489999999
Silut,23.5334576,87.68892919999999
Sahapur,,
Babur Bandh,,
Somaipur,23.5053626,87.70001789999999
Bilshanda,23.6121481,87.68030279999999
Santla,23.6802519,86.93298879999999
Aowgram,,
Bagbati,26.3798328,88.2996294
Bhediya,23.5887916,87.7098723
Brahmandihi,22.6909453,86.9993144
Bhiti,25.5964767,88.0955714
Goalpata,23.3184804,88.3348621
Madanmohanpur,23.323959,87.4170333
Samantapara,23.4629112,87.6457807
Chandipur,,
Sowata,,
Jamtara,23.4324145,87.5964182
Jayrampur,,
Erral,23.4407576,87.64237109999999
Bahadurpur,,
Avirampur,,
Bijaypur,22.8143505,88.1785276
Kalaijhuti,23.4275076,87.66551079999999
Bansujapur,23.3680055,87.66551079999999
Sandhipur,22.8537724,87.51237970000001
Narayanpur,,
Kenduatikuri,23.7114989,88.0986241
Sodhpur,22.7150007,88.3871813
Komarbandh,23.5240831,87.0163345
Shillya,23.2977924,87.5662115
Shimasimi,,
Haripur,,
Puratangram,23.266027,87.6112325
Napara,23.220941,86.6453646
Aima Biswanathpur,,
Gangbil,23.4356157,87.4232306
Mahalchandni,22.5658983,88.3555641
Panagar,23.4453054,87.4703029
Kanksa,23.4600581,87.4628736
Debipur,,
Prayagpur,,
Anandapur,,
Silampur,21.6645129,87.6556468
Arrah,23.5030412,86.69668539999999
Paschim Gangarampur,23.5494466,87.4727791
Saora,22.8241457,87.7221872
Ratibati,23.6502954,87.03619169999999
Chatui,22.2020786,88.4626476
Kumardiha,,
Chelad,23.636894,87.0349421
Tirat,23.6183081,87.0394733
Chalbalpur,23.7405124,86.88067749999999
Jemari,23.7898243,86.8759761
Belebathan,23.6315157,87.0649239
Harabhanga,23.6195298,87.0599282
Damalia,23.6006504,87.08365289999999
Naryankuri,,
Egara,21.9001037,87.53695960000002
Amkula,23.6140526,87.08490119999999
Murgathole,23.3275584,87.13097479999999
Nimcha,23.6277784,87.0747748
Amdiha,,
Baliapur,23.778119,86.95990549999999
Manteswar,23.4215525,88.10717029999999
Lohar,23.4452979,88.1022869
Patikhaldanga,23.4454157,88.1120531
Varucha,23.4379916,88.1132737
Daukadanga,23.4351914,88.12791849999999
Patun,23.4455329,88.12181710000002
Bhurkunda,22.5236256,88.8814857
Dhenuya,22.2841782,88.3967536
Galatun,23.4634339,88.135103
Sahajadpur,24.0085658,88.47671679999999
Putshudichak,,
Purba Khanpur,22.1458908,88.1401188
Charkadanga,22.8379499,87.9739055
Kashta Kurumba,23.2913102,88.0424219
Nathpur,,
Sonakur,,
Purba Krishnapur,,
Jafrabad,,
Kendrakhattadihi,,
Bilpahari,23.7185695,87.23259759999999
Ramnagar,,
Dalurbandh,23.7122667,87.2543702
Baidyanathpur,23.7186496,87.27924089999999
Gobindapur,,
Konda,23.7146448,87.30534089999999
Deslopa,,
Dannya,23.70271,87.30285579999999
Mahal,23.1656134,87.2891854
Chakkarala,23.7052499,87.27799759999999
Jawalbhanga,,
Bhatmura,23.6886588,87.26432
Kumardihi,23.6679405,87.265862
Chakjharia,23.6531563,87.27426779999999
Shyamsundarpur,,
Chakbakla,,
Nabagram,,
Bhaluka,,
Sonepur,22.7937072,87.575423
Bajari,23.6996673,87.2145498
Haripur,,
Kumarbala,22.8383994,88.6587614
Banbahal,23.6759732,87.2195292
Hansdiha,23.6806323,87.2307309
Sankarpur,,
Chhora,23.6711343,87.1983631
Bahula,23.6552144,87.18991059999999
Paraskole,,
Sultanpur,,
Barsor,,
Sanketapur,21.6491352,87.5698638
Raghabbati,25.1703725,87.9518599
Bankpara,23.2324146,87.0786044
Chandipur,,
Pushore,,
Jotgobindapur,23.2577704,87.978803
Gobindapur,,
Bhola,24.3203521,88.06197859999999
Madna,24.5694592,88.03753139999999
Bahadurpur,,
Banior,24.3333245,87.8132139
Madhupur,,
Alalpur,23.0928809,87.8881115
Khanpur,,
Rampur,,
Amlaibahara,,
Mahulashul,23.7797309,87.65194729999999
Aulia,22.6924652,87.04118989999999
Kondaipur,23.4086154,87.5964182
Ushgram,23.8432997,87.5809815
Sahebpur,22.4117236,88.49244949999999
Bhaduliya,23.1476808,87.8062642
Bastabpur,23.8142652,87.2232634
Pashchimshibpur,22.8890065,87.7824821
Gangpur,,
Gangarampur,25.40091,88.53236059999999
Sagarbhanga,23.4953407,87.33527749999999
Madanpur,,
Bataspur,,
Hanuliya,,
Palashbuni,23.0932077,87.1067419
Tilshud,,
Keshe,,
Sukna,26.6841254,88.35064679999999
Kamalabarir Chhat,26.7776524,88.35003979999999
Khoklong chat,26.7760952,88.3427552
Choto Adalpur,,
Khoklong,26.7797131,88.3372909
Bara Adalpur,26.7839458,88.3215014
Khaprul,26.7721646,88.3215014
Patanjharar Chat,,
Fulbari Chat,26.7257431,88.4372595
Patan Chhat,26.7618412,88.3202866
Patan,26.7567509,88.32575299999999
Fulbari Patner Chhat,,
Ruhiner Chhat,,
Dhupibhita,26.5642926,88.1901046
Dohaguri-(041),26.5743508,88.1832822
Bagha-(42),22.493113,88.3772888
Deburam-(043),,
Reshep   Bazar,26.9743232,88.363434
Labda,22.9367878,86.8985386
Raganchagan,,
Simana Bustee ( D. I. Fund Area),,
Achhalal   Hatta(rang Bang Busty),,
Seeyok  Chia  Kaman,,
Gopal  Dhara  Chia  Kaman,,
Sangma  Chia  Kaman,,
Turzum  Chia  Kaman,,
Pokhribong K. M.( D. I. Fund Area),,
Molatay  Chia  Kaman,,
Nagarifarm  Chiakaman,,
Dhajia  Khasmahal,26.9078824,88.2229909
Sekrahati,22.6517952,88.0937397
Ramanathbati,22.648932,88.1035078
Pratappur Krishnabati,22.6452735,88.1090014
Paikpara,22.613223,88.3804976
Bhursit-Bamunpara,22.6353991,88.0925186
Ghanashyambati,22.5160624,87.8402405
Ballavbati,22.6451603,88.0941939
Dhasa,22.642802,88.0888549
Narendrapur,22.4391117,88.3967536
Sampur,21.8665171,87.61572
Gumadangi,22.6352832,88.08274809999999
Dakshinmaju,22.6055559,88.08763359999999
Madhya Maju,22.6099803,88.0839695
Uttar Maju,22.6159664,88.08641229999999
Jadab Bati,25.3605253,88.49244949999999
Santoshbati,22.6249887,88.0937397
Maulgachhi,23.4204846,88.56861099999999
Chong Ghurali,22.6101248,88.096182
Bidhi Chandrapur,22.6381101,87.94940969999999
Garh Bhabanipur,22.6532498,87.9690074
Chitrasenpur,22.6383582,87.9690074
Jagarampur,22.5156104,88.038754
Baragram,23.2438149,86.6371758
Kamalachak,22.5278781,88.0680883
Baniban- Jagadishpur,22.5100637,88.07297539999999
Baniban,22.4982644,88.08274809999999
Karatberia,22.4972163,88.07422860000001
Samaspur,25.6969308,88.2631517
Sasati,22.3466461,87.96744439999999
Gourangapur,23.607136,87.4542046
Mukundapur,22.4923566,88.4086493
Kanthaldaha,22.3540914,87.9849242
Kultikari,22.1809835,87.1597417
champabar,22.3727635,87.98723749999999
Raghunathpur,,
Refaitpur,23.0013988,88.40463539999999
Banpara,23.5279711,87.93470579999999
Gaharpur,,
Uttar Hazipur,22.6029503,88.55290629999999
Benipur,,
Raghabpur,23.5225933,86.60440729999999
Tribeni Baikunthapur,22.9886276,88.3931154
Shibpur,,
Shankhanagar,22.9723157,88.386658
Basudebpur,22.5164817,88.1120531
Amodghata,22.9885048,88.38098579999999
Gajaghanta,22.9765938,88.38098579999999
Minajpur,22.9802975,88.379166
Alikhoja,22.9764949,88.3712796
Dingalhat,22.9676111,88.376133
Saptagram,22.9586034,88.36885269999999
Dakshin Hajipur,22.9534355,88.3730997
Chhotokhejuria,22.9438131,88.3785594
Tegharia,22.940958,88.3906897
BaroKhejuria,,
Trishbigha,22.9576027,88.3808895
Namajgor,22.4328417,87.3155534
Chak Banshberia,22.9618031,88.3906897
Banshaberia,22.9633531,88.3967536
Meghsar,23.0004494,88.24368439999999
Sheetala,23.3977186,87.21777139999999
Kagjipara,22.9931526,88.2570691
Paranchapur,22.9813219,88.2643681
Sudarshan,22.5704671,88.3533453
Dakshinpara,23.3736804,88.5764612
Balichara,23.0068815,88.2874736
Kasemaligarh,,
Birpala,23.0057422,88.3202866
Radhanagar,,
Basudebbati,23.0133012,88.3312187
Ekbalpur,,
Kapashtikri,22.9938318,88.3202866
Jarura,22.8769261,88.3329559
Bhushoyara,,
Sankarbati,22.8780492,88.35428859999999
Zerur,,
Harirampur,,
Chaughata,23.0235591,88.05464580000002
Uttarjagannathpur,23.0236784,88.0644225
Gur Bari,23.0400976,88.0680883
Uttar Mamudpur,23.0327582,88.0766404
Mahishgariah,,
Chopa,,
Baidyapur,,
Bongshipur,,
Balidanga,22.7720913,87.725881
Khanpur,,
Katgarah,,
Hridayrampur,22.9968234,88.0595345
Raghabindubati,22.9908984,88.06197859999999
Kalora,22.9242707,88.3603576
Matukpur,23.1393598,87.4095955
Demorgachha,22.6940464,88.4197886
Karinya,,
Batna,23.1234866,88.3691561
Kalyan Shree,22.4257316,87.3088666
Salalpur,25.1235688,88.3603576
Gaipara,23.0992371,88.3633918
Jaguliya,23.1045783,88.376133
Mamudpur,22.8894533,88.4525012
Laskarpur,22.3609568,88.18888609999999
Chhutipur,24.1266726,88.3991789
Taherpur,,
Chhoto Gobra,23.9506702,87.31414860000001
Khanpukuriya,23.7259523,88.4646107
Kaipukuria,22.9536825,88.82510010000001
Anandanagar,22.8577809,88.26801720000002
Subhupur,,
Nanda,22.828261,88.2923363
Hakimpur,22.8488533,88.95574979999999
Benipur,,
Atisara,22.8339035,88.2631517
Bhandardaha,22.6190312,88.2242084
Athaliya,22.8293172,88.2522024
Jamirberiya,22.820303,88.24490139999999
Purusottampur,22.079247,87.80952719999999
Mallikpur,22.3245165,88.12791849999999
Sultanpur,,
Ajodhya Kashipur,22.8855049,88.08763359999999
Harishpur,23.6039022,87.17967929999999
Baliya,,
Sonatikri,22.7115454,87.8709329
Shibarampur,22.4888364,88.2707538
Nayanagar,26.0004575,87.8562032
Manirampur,22.7471887,88.23151299999999
Satghori,22.7109538,88.0595345
Binogram,22.8077929,87.9748122
Naita,22.80105,87.9996115
Jagannathpur,,
Belbandh,,
Darbeshpur,22.9580245,87.821815
Nabina,22.8241971,88.005118
Ankargaria,22.8263466,87.99838779999999
Gobra,21.6646641,87.5117612
Binodbati,22.7463051,88.02774869999999
Chhawnapur,,
Chakdaha,23.047858,88.5130144
Piasara,22.8177771,88.02774869999999
Gobarhanra,22.8088735,88.0301946
Ayma Paharpur,22.8088949,88.0141763
Gangarambati,22.809323,88.00634160000001
Anur,22.9273869,87.6556468
Chanpanagari,22.8647723,88.36326
Mostafapur,22.6509608,87.9065098
Chakmagri,22.7583986,88.37812129999999
Katashiya,,
Sahapur,,
Bhangamorah,22.9391879,87.9739055
Bakharpurkrishnaballavpur,,
Soyaluk,23.6645124,86.93255409999999
Baikunthapur,,
Kelepara,22.9075646,87.9457342
Dulalbati,22.9117934,87.927352
Ranbagpur,22.9013563,87.92612629999999
Krishnabati,,
Baitha,22.8908873,87.9224488
Kulbatpur,22.8910145,87.9322547
Dihibatpur,22.8896995,87.9457342
Deulpara,22.8942758,87.9543099
Alati,22.8793252,87.94940969999999
Rasulpur,23.1840099,88.0301946
Paschimpara,22.8716445,87.9310291
Harinakhali,22.8775996,87.9310291
Rasikchak,25.0777873,87.9003778
Takipur,22.8641529,87.927352
Nimdangi,22.8582611,87.9322547
Jangalpara,22.7319998,88.20472380000001
Purshura,22.8356675,87.9622352
Harihar,22.8318077,87.9592096
Mantadari Sheet No - 2,,
Panikauri Sheet No - 4,,
Araji Binnaguri-1,,
Gujrimari Sheet No - 1,,
Kismat Sukani-2,26.6081648,88.502453
Sikarpur Sheet No - 14,,
Binnaguri Sheet No - 13,26.72287,88.4534688
Kukurjan Sheet No - 1,,
Sukani-1,22.5544373,88.352693
Lelitabari-1,,
Kamarvita-2,26.6434791,88.5034561
Gadheaganj-1,26.6384421,88.486199
Dabgram Sheet No - 7,26.72287,88.4534688
Chhatgujrimari-2,,
Jungle Mohal Sheet-29,22.6744439,88.3477502
Sannyasikata-21,26.5848717,88.45878929999999
Barpatiya Nutan Bas Sheet No-3,,
Belacoba Sheet No-5,,
Satkhamar Sheet No-7,,
Bahadur Sheet No-14,22.7012999,88.3461717
Patkata Sheet No-24,,
Paharpur Sheet No-8,22.581453,88.351017
Khariya Sheet No-11,,
Mandalghat Sheet No-2,,
Goral Bari Sheet No-1,,
Amarkhana,26.4559801,88.666333
Dharmadev,26.5593955,88.7398955
Araji Amarkhana,26.4442919,88.6783818
Rammadev,,
A:Ma:Kamala Pukhuria-3,,
Singimari 2nd Khanda,,
Mareya Kamala Pukhuri,,
Singimari Pratham Khanda,26.42049,88.6566915
Chhit Singimari Sheet No-1,,
Berubari Nagar,26.4091307,88.70487709999999
Sakhati,22.544586,88.358592
Binnaguri,26.7499321,89.0578864
Daikhata,26.2804794,88.6747675
Berubari Sheet No-18,,
Bansh Kunthiya Sheet No-1,,
Araji Goralbari Sheet No-2,,
Nandanpur Sheet No-4,,
Kharija Berubari Sheet No-3,,
Kachuya Sheet No-2,,
Boyalmari Sheet No-2,,
Purba Dobbari,26.6478969,88.8670966
Dobbari,26.6582792,88.8754908
Panbari,26.7005024,88.85251389999999
Satbhendi,26.5682387,89.0569558
Jhar Baragila,26.6830327,88.83830359999999
Kaoagab,,
Ramshai,26.7258866,88.8539023
Jadavpur Cha Bagan,,
Uttar Kalamati,26.6886492,88.8046865
Kajal Dighi,25.0247,88.0858016
Dakshin Kalamati,26.6533235,88.80949059999999
Chengmari,26.6650323,88.7998819
Kumarpara,22.6430317,88.4194855
Baul Bari,,
Chatrar Par,,
Domohani,23.7556031,87.02494399999999
Kathalbari,26.5731458,89.1396355
Uttor Marichbari,26.5631575,88.779456
Uttor Shishuyabari,26.6912853,89.17774200000001
Dakshin Marichbari,26.542414,88.7674361
Dokshin Shishuyabari,,
Gopalganj,25.4242696,88.7367697
Gaur Gram,,
Dharmapur Sheet No-9,,
Padamati Sheet No-2,,
Jabramali Sheet No - 2,,
Baikur Gaur Gram Sheet No - 1,,
Sapti Bari Sheet No - 8,,
Redbank,26.8730636,89.03943629999999
Redbank Chabagan,,
Ambari Cha Bagan,26.8657499,89.05049799999999
Chamurchi Cha Bagan,26.8338937,89.0641773
Chunabhati Cha Bagan,,
Kathalaguri Cha Bagan,26.8299206,89.0811825
Riabari Cha Bagan,,
Palashbari Cha Bagan,,
Haritalguri Cha Bagan,,
Dayana Cha Bagan,,
Debpara Cha Bagan,26.834162,89.02000699999999
Prayagpur,,
Chapaguri,26.6973146,89.2015405
Lakshmipara Cha Bagan,,
Gendrapara Cha Bagan,,
Maraghat Cha Bagan,,
Banarhat Cha Bagan,,
Karbala Cha Bagan,,
Binnaguri Cha Bagan,,
Telipara Cha Bagan,,
Sakojhora,26.9318908,88.4506845
Pradhan Para,26.7171135,88.42493569999999
Uttar Dangapara,26.525046,88.80588759999999
Sajna Para,,
Gayer kata,26.6962835,89.0346588
Haldibari Cha Bagan,,
Totapara Cha Bagan,,
Jalapara,26.8136959,88.9725007
Moglakata Cha Bagan,,
Chapaguri Khanda,26.7864019,88.96592079999999
Uttar Salbari,,
Chanadipa,22.1022227,87.8574308
Dakshin Salbari,26.7310357,88.94856879999999
Madhya Salbari,,
Purba Duramari,26.7075678,88.9629296
Pashchim Duramari,26.7074274,88.94378069999999
Uttar Jhar Altagram,,
Dakshin Noonkhawa Danga,,
Bhatia Para,26.8209407,88.81519469999999
Neola Basti,26.7048191,88.63619589999999
Golabari,22.7044077,88.5722344
Chenggamari Danggapara,,
Purbba Dolaigaon,26.6875022,88.6747675
Pashchim Dolaigaon,26.6992444,88.66994799999999
Jogesh Chandra Chabagan,22.5013543,88.3502894
Angrabhasa Sheet No-4,,
Jhogijhora Barbak,,
Narsingpur,22.7418129,86.4642666
Majer Dabari,28.6195318,77.0881248
Uttar Kamat Changrabandha,26.5025075,88.9401893
Fulkadabri,26.33098,88.97466130000001
Nalgram,26.2369539,89.1729807
Badanpur,25.0851242,88.1169354
Chandipur,,
Harirampur,,
Daibakbati,25.2069141,88.26193529999999
Jhinaikuri,25.2121351,88.2649763
Purba Ranipur,25.9227831,87.88718879999999
Mahespur,22.4682434,88.0632006
Sonapur,25.5066013,88.1852304
Haripur,,
Idam,25.2118226,88.3020602
Ahil,25.206007,88.3117819
Narasingdanga,25.1956769,88.31542689999999
Poladanga,23.9358993,88.25146509999999
Mahishal,25.188501,88.33607649999999
Saluka,22.499123,87.87649449999999
Hatnagar,25.188172,88.3069213
Atila,25.2025876,88.54928129999999
Dohail(265),22.4761432,88.3604836
Karjadanga,25.1777585,88.3032755
Altor,,
Krishnapur,,
Jalsa,25.1523871,88.2874736
Dogachhi,24.3673169,88.1364591
Bahuthar,25.1640165,88.26801720000002
Baniakandar,25.1713259,88.2595023
Puria,23.3320779,86.365208
Karanja,,
Khanta,25.8480697,88.0534236
Bajekaranja,25.1741466,88.2473352
Bankati,23.5987763,87.48887099999999
Chengtor,25.1651987,88.2424674
Hatinda,25.4152547,87.9898205
Bansbari,25.1532869,88.2375991
Taherpur,,
Batijora,25.146178,88.2631517
Sardarpur,22.8688775,88.0668664
Darapur,23.0015647,87.5408217
Barabari,22.0988761,88.0680883
Jadupur,,
Dogharia,25.1326844,88.24976889999999
Adhna,25.13277,88.2570691
Raniganja,23.6290575,87.0923906
Paschim Bilahora,25.1300607,88.2789625
Arazi Jalsa,25.1287326,88.2923363
Purba Mallikpur,22.3259706,88.56498739999999
Purba Bilahora,25.1408097,88.3117819
Uttarchandrail,25.3124514,88.42706020000001
Harishankarpur,24.1314074,88.6609099
Uttar Chandipur,25.1683416,87.84287340000002
Madia,23.4709656,88.55653099999999
Bhawanipur,22.5332356,88.3459362
Khaskhol Chandipur,,
Gonga Gobindapur,22.3781175,88.4052416
Imamnagar,24.7400407,87.9224488
MIlki,25.0183831,87.9996115
Gosaipur,25.2638449,88.9641261
Jote puran,26.7076486,88.4250783
Dakshin Chandipur,25.1047618,87.818129
Araji Fulbari,,
Barachak,24.9530568,88.1059495
Dharampur,,
Naya Guyamalati,,
Gopinathpur,,
Byaspur Araji,,
Ramchandrapur,,
Byaspur Araji English,,
Byaspur,23.2777029,88.57827259999999
Dariyadaha,22.6444014,88.3700662
Daigram,24.9205911,88.11815589999999
Tantipara,23.9045658,87.3736292
Gani Bahadurkhan,24.9059156,88.1303589
Bahadurpur,,
Phulbari,26.6671059,88.4188101
Kishanpur,23.3257508,86.12683369999999
Fulbari Araji,,
Golahat,23.9532364,87.99288039999999
Jamalpur,23.061089,87.9925839
Poramadia,,
Debipur,,
Gopalprasad,24.9410407,88.0937397
Tappratappur,24.9303962,88.07297539999999
Pratappur,,
Chak Pratappur,23.5055945,88.6874162
Mothabari,24.929187,88.03660099999999
Purbahosanabad,22.5978996,88.8709191
Madanpur,,
Purbasripur,24.9076951,88.03753139999999
Chhotomohadipur,,
Dakshindevipur,,
Haripota,24.9616728,88.0839695
Rajpahari,22.1792779,86.9811778
Taldangra,23.0195276,87.1048702
Fulbani,26.6671059,88.4188101
Khasjanggal (006),,
Patina,22.1664059,87.00994299999999
Deulbarh,22.8942758,87.9543099
Ranggamatia (009),22.6507893,87.08229299999999
Khasjanggal(011),,
Pratappur,,
Bansiabhole,,
Singdhui,22.1289481,86.9960325
Kashiya,25.677716,88.2643681
Rakani,26.7130719,88.42503409999999
Barpat,,
Kadokotha,22.0527011,86.9799267
Katash,22.0971373,86.96741449999999
Gulfa,30.3811055,-87.06571699999999
Payrubhadi,,
Kuldiha (24),23.5442079,87.4029807
Dulaki,22.1416837,88.80949059999999
Tilajhuriya,23.4251814,86.7780836
Chandabila,22.8194438,87.23446419999999
Murakati (28),22.3503809,86.9027594
Chilimda,22.1007125,86.99993959999999
Pathar Dahara,,
Tapoban,22.1103269,87.0374413
Raghunathpur,,
Biriberia,22.78214,88.4428112
Deulghatra,23.37987,86.13131
Khandarpara,23.432256,88.55411459999999
Gobrashol,,
Baisbtia,22.605129,88.4101125
Bachhur Khoand,,
Kiajaria,22.6175787,88.432158
Rukhanimara,,
Darkhuli,22.2639298,87.13480799999999
Narda,22.077435,87.0299433
Ataldiha,23.1707886,86.8088531
Bhalukgajri,,
Garurghata,22.9605105,88.5674032
Pukhuriya,25.1314084,88.02897159999999
Upar Bankinala,22.0519194,87.0186942
Nichubankinala,,
Panishol,22.2983578,86.82328919999999
Maubhandar,22.1836432,86.7428946
Fuladihi,,
Nekragudri,,
Gopinathapur,22.8076683,88.0534236
Anandapur,,
Chhoto Jibanpur,,
Fuljharia,23.7537929,86.1715473
Radhamohnpur,22.3609517,87.6112325
Siyarketya,,
Kisamat Gopinathapur,22.5178493,86.93611949999999
Hatilodh,,
Shibapur,22.5723094,88.3117819
Tilabandh,,
Chuasuli,,
Kushoboni,,
Nalboni,22.642257,87.3190065
Purba Harda,,
Amlaboni 2nd Khanda,,
Andharia,22.536371,86.97116849999999
Amlaboni 3rd Khanda,,
Chenggadubi,,
Khoyerboni-(950),,
Bonkati,23.5849529,87.5021611
Bonkata,22.9148971,86.9986891
Chhotodhabani,,
Sundraband,22.3567908,87.25312629999999
Junabalida batitaki,,
Bantata,22.1181452,87.3190065
Champinagar,,
Jalharisankarkara,,
Gangajamuna,22.0868518,87.3177644
Sarisha,22.2552031,88.1901046
Bikalmunda,22.1018654,87.32521690000002
Durgapur,,
Balipat,22.1078626,87.3277008
Pariyachak,24.8601714,88.01918610000001
Indraswarpur,,
Uinandan,22.664173,88.391888
Bhumjanpatli-(212),,
Patlipatna-(213),22.1207536,87.3412432
Chaneswar pur,,
Aharmunda,22.1300587,87.3190065
Ratanpur,,
Tileswar,22.1458874,87.3308055
Khosali,22.1584137,87.3227328
Janagerya,22.1642484,87.3152799
Mudabani,,
Jamuna,25.4211904,88.91239569999999
Andharshura,,
Fulgeriya(223),,
Binai,22.1899491,87.3388767
Belti,22.2034119,87.34260139999999
Sitli,22.2139366,87.34880860000001
Murakata,23.1678738,87.1634807
Tala (Jl-228),22.5476024,88.34829580000002
Fulgeriya(229),,
Kantrakhali,24.4463254,88.1620708
Asanabani,23.135819,86.6636269
Sunka,22.1918599,87.3649435
Daharpur,22.282968,87.909142
Ela,,
Metal,22.5712193,88.3462771
Dibrapanda,,
Kotalchak,24.8601714,88.01918610000001
Kashmuli,21.9643553,87.4803409
Kashipur,23.4341206,86.6678714
Paniara,22.5647601,88.16572839999999
Bimbaltitiya,,
Gokulpur,,
Naljhara,22.1375143,87.3655639
Sangar Batitaki,22.2486473,87.5204195
Khasjangal,22.5325412,87.3463258
Godapiashal,22.5292775,87.3289427
Patharajuri,,
Durgadaspur,23.5204443,87.3119227
Rana,22.559906,87.7787929
Benucha,22.5243783,87.30285579999999
Jamdargarh,23.3466132,88.3215014
Kulapachhuriya,,
Guraipatna,22.527075,87.3308055
Saraswatipur,21.7932951,87.8144427
Mangalmari,25.0188365,88.1498766
Mohisamuri,22.1835939,88.3005091
Dalkati,22.572646,88.36389500000001
Shibakata,22.5320101,87.359359
Dalkata,22.536436,87.3568767
KakSole,,
Shoula,22.0808101,87.60135679999999
Nekraghai,22.5223427,87.3599795
Chholabari,22.5198759,87.34570509999999
lalgarh,22.5839713,87.04993530000002
Hemanta Sinher Kala,22.6632619,88.4087584
Dudakhali,22.3958334,88.17730879999999
Birkarh,,
DUBAGERA,,
Khandideuli,22.5194667,87.3208697
Kamarmuri,22.5239331,87.3208697
Chaita,22.6374655,88.76262709999999
Kulbera,22.544383,88.50091859999999
Akmura,22.6403811,87.4270215
Maipur,23.4232013,88.38826399999999
Gararbaga,22.64846,87.4220478
Paltagarh,22.6423694,87.4170333
Kaktabahadur Nagar,,
Shyamchandpur,22.5612558,87.32707979999999
Sholdiha,22.63034,87.4095955
Nayagram,22.0323362,87.1746957
Tushakhali,22.3359486,88.88867839999999
Dharashol,,
Jampal,22.631392,87.42880749999999
Dogerya,22.4352074,87.54762040000001
Madhapur,,
Saiyadbali,22.6270243,87.4350032
Taltala,22.561227,88.3582718
Kheduyabali,,
Bagdani,22.6135858,87.432525
Tilahari,22.6150154,87.42880749999999
Sahaspur,23.1121585,87.670442
Agar,22.6065992,87.4145542
Sekuyashol,,
Bhalukashol,23.3701939,88.44402250000002
Aymamohanpur,22.6136132,87.408
Fajilchak,22.2414846,87.6719067
Nimkola,25.7264083,-100.2964155
Pebuya,22.5968126,87.4077358
Dalang,22.6048113,87.3959564
Chandipur,,
Darkhola     (58),22.6903492,87.2994822
Ralapat,,
Udaypur,,
Jaypur,23.0551658,87.44801149999999
Indkuri,22.7897625,87.2394415
Gararra,22.943569,87.0204541
Bazarangra,,
Junapada,22.5406748,88.3222853
Chandabila -66,22.8244437,87.2379342
Dotal,,
Kharakdiha,,
Paniteghari,22.6059988,87.3773511
Murari,24.4408528,87.8574308
Shirishboni,,
Kotai,22.9758769,87.7147986
Kalinagar,,
Dudhiyabandi,,
GOBARDHA,22.8832286,88.76382939999999
Ghoshkhira,22.3340605,87.5061944
Ghughudanga,22.6189612,88.3952377
Amlaboni,,
Kharpuri,22.5816449,87.3903756
Dhamsai-80,22.105307,87.581206
Kanashol,22.5861705,87.4086545
Dara,22.4749922,88.56981880000001
Pachra,23.756436,87.3152799
Singpur,22.814957,88.234481
Gobindapur  (86),22.5024895,88.3577189
Kuorer Ayma,,
Umabatipur,22.5984604,87.4176531
Bhatuigerya,,
Mohanpur  (90),,
Tatarpur,,
Bilatkuli,22.6169168,87.4548239
Garhsenapota,23.3381176,88.6795865
Birhimbar,22.6256536,87.44243689999999
Suratganj,,
Golaugrasanda,22.6310115,87.45172749999999
Ghodadauda,,
Miradangga,,
Memuya,,
Begunbari,23.9187582,88.2765304
Kharsu,22.648916,87.4542046
Gopalgara,23.0613166,88.76178700000001
Laltehari,22.6517367,87.4442952
Mohanpur,,
Kalipur,,
Mangalpur,23.0706329,87.68030279999999
Chandipur   (110),,
BarRajagram,,
Rajagram,23.2161622,87.03869089999999
kharigerya  (113),22.249386,87.3873661
Palashtorya,,
Ratanpur,,
Panchghara,22.408334,88.4488677
Kukhachak,24.8601714,88.01918610000001
Dakshinbaharat,22.6727752,87.45668169999999
Chakamanggalpur,,
Kuntidanga,,
Bramhangram,23.5721304,87.4962961
Deulgerya,22.6736075,87.4622545
Mirjai,22.6759089,87.46658839999999
Amanpur,22.6863496,87.4678266
Krishnanagar,,
Tentulia,22.7856288,88.8575011
Baraiboni,23.7493706,87.00994299999999
Teghara,22.940958,88.3906897
Lopara,23.4129566,88.4903724
Jadubarh,,
Tukuriapat,22.6904431,87.4846105
Kedarpur,21.8760463,88.4088788
Jadupur,,
Lakhapat,22.6823673,87.4987709
Khadika,22.1222969,87.5865393
Asakanda,,
Hansuya,22.5830077,88.3547157
Korudiya,,
Panchkhuri,22.4481798,87.3773511
Buryapat,22.6705723,87.5061944
Gohariya,,
Satdubi,22.6639589,87.5117612
Lakhuniya,25.7253858,88.1250118
Bhutgerya,22.6681566,87.49443989999999
Tathuya,,
Bahadurpatna,22.6800668,87.49443989999999
Uttarpiasala,22.6768451,88.3385053
Madhyapiasala,,
Dakshinpiashala,22.6672869,87.4863957
Eluni[151],22.6664021,87.4966031
Darkhola (152),22.6903492,87.2994822
Shyamchak,22.3584217,87.21766199999999
Gamarkuda,,
Bishnuchak,22.6670154,87.4690648
Jaytorh,22.6662223,87.4659693
Chakabrahman Gram,,
Khetua,22.6579268,87.4591586
Basudebpur(159),22.4844576,88.3018616
Kalaberya,22.0595364,87.78371179999999
Kota,23.7091282,87.4182728
Gardri,23.4282097,88.60183719999999
Belerya-163,,
Shashaboni,,
Chitka,23.8546083,88.54444749999999
Mohaboni,,
Uttarshirsha,22.6497484,87.4597778
Sirsha,23.6793243,87.30440899999999
Emuya,,
Jamboni   (173),22.4385498,86.94842589999999
Jheta Jamboni,,
Sankuya,,
Bahirsanda,22.6222739,87.46411189999999
Nanna,22.7803584,86.59558129999999
Habirchak,22.6356523,87.51052419999999
Markha,22.6290383,87.5160906
Mugbasan,22.5972545,87.4826825
Kuchiara,22.603848,87.4758741
Benuya,22.6068064,87.4746361
Barbariya,22.7465378,88.4573454
Puranberya,,
Chak Puranberya,,
Imadchak,22.6112147,87.470922
Khorda-radhaballavpur    353,22.6161,87.47093369999999
Harina   (354),22.5750034,88.35513069999999
Kulbahara,22.6129087,87.4543704
Pidrashol,22.8979975,87.21579469999999
Duryaradhaballavpur,22.2889526,87.9316827
Radhaballabhapur,22.3161936,87.9112608
Jagannathpurayma,22.7462731,88.4467528
Kismat Jagannathpur,22.5953581,87.45668169999999
Baldebkhamar,22.557334,88.356816
Jagannathapur,22.7462731,88.4467528
Bhashadah,,
Kamarbandhi,22.6169756,86.8283095
Koranggapota,,
Bibekpur,22.5728885,87.44801149999999
Bhagirathbarh(369),22.7440384,88.3519948
Lauriya,,
Sangrambarh,22.2453725,88.24490139999999
Basantabarh,22.6452232,88.0424219
Ganganarayanbarh,,
Gamariya,22.5563345,87.4368617
Jhatiara,22.2530194,86.9436321
Ranpara,22.5526417,87.43872019999999
Lepsya,,
Anandapur,,
Gopalnagar,,
Ganta,22.5535969,87.4052562
Teghari                  381,22.6198021,88.4351329
Majura,22.6547718,87.0149438
Kashidanga,23.5492211,88.3457906
Chandabila   -385,22.8244437,87.2379342
Mantaboni,,
Dhak Kata,,
Astakola,22.56725,87.3748698
Talchara,,
Pukurkona,22.8056185,88.56498739999999
Ramakata,22.5612141,87.36990689999999
Kshirkul,22.5418392,87.3686661
Palaboni,,
Mohanpur  (418),22.777587,88.39783
Bamunmari,22.716791,88.3129969
Jabardanga,22.8832286,88.76382939999999
Radhanagar,,
Nischindipur(079),22.4920839,88.3155599
Eakabpur,23.5225933,86.60440729999999
Shy ampur (81),,
Digha Anandapur,22.6696781,87.6445473
Alui,22.6638306,87.65194729999999
Kushman,22.6709679,87.6309776
Natuk Joykrishnapur,,
Harekrishnapur,,
Iswarpur,22.0521546,87.7338833
Harinageria,22.6524563,87.6377629
Mohanpur,,
Kharigeria,22.6424787,87.61740379999999
Srirampur (91),,
Kamargeria,22.6397553,87.63467879999999
Dantiara,,
Mohanchak,23.0077843,87.5581256
Belswar,,
Lachhipur,,
Chak Lachhipur,22.6308217,87.63467879999999
Chaksadi,22.6233951,87.63591249999999
Konarpur,22.6188014,87.627276
Gholsai,22.6909482,88.4076664
Kishmat Kotalpur,22.6201328,87.6187798
Kotalpur,23.0127947,87.5939487
Kshudra Monoharpur,,
Raghunathpur,,
Krishnaballavpur,23.6845457,87.64948079999999
Dewan chak(106),22.461568,88.306422
Jamira,25.9586287,87.92612629999999
Bhagirathpur,24.0844941,88.49634859999999
Chowka,22.5944795,87.6354437
Si mulia (110),23.531213,88.6478367
Radhaballavpur,22.3161936,87.9112608
Bigra Chandangeria,,
Gopal Hazra,21.99857,87.72149329999999
Balarampur,23.0943913,86.22029619999999
Mugdari,,
Shyam Sundarpur Patna,22.4664111,87.6868717
Mysora,22.5183304,88.35940870000002
Purba Gurtala,22.4557198,87.6766052
Pashchim Gurtala,22.4556137,87.6692092
Kishorpur,,
Parulanka,,
Shyampur,,
Mahapur,22.4437002,87.6692092
Nachipur,,
Gobindanagar,,
Jagatpur,22.6230183,87.8205864
Rajsahar,22.4530226,87.696322
Mohanpur,,
Fakir Bazar,22.443369,87.69816999999999
Brindabanpur,,
Pashchim Bakulda,22.4562102,87.7111039
Dharanda,25.5002568,88.1510962
Patanda,22.3750142,87.8733874
Manglai Shyamballavpur,22.4738362,87.69385779999999
Birinchibarh Chak Paschim Itara,,
Teghori,22.6227201,88.43675379999999
Sahalajpur,22.4829809,87.7086406
Chak Gopal,25.2586132,88.9575449
Jashora,22.4725356,87.7386384
Purba Bakulda,22.4637777,87.7197245
Santrabasan,22.4563835,87.7234185
Baruipur,22.3596751,88.4317758
Uttar Moynadal,22.4491346,87.7356258
Pakurya,22.6197151,88.2874736
Tallytta,,
Nachipur,,
Kenduata,22.4683663,87.7283434
Malida,25.1785773,88.24611829999999
Harinarayanpur,22.2237114,88.4609782
Jiakhali,22.4700789,87.7443457
Uttar Panchberya,22.4538169,87.75296
Keshapat,22.43598,87.75542089999999
Hatisal,22.4463196,87.7492683
Dakshin Moynadal,22.2338623,87.7874006
Gopimohanpur,22.8001162,87.92612629999999
021,22.5667573,88.34151299999999
Soadighi,24.2924268,88.0851909
Deuli,,
Nar,22.1367231,87.8758417
Kismat Bathuari,21.8772988,87.6396133
Bar Bathuari,21.8704636,87.6303606
Bathuari,21.8729179,87.6457807
Chhota Rasulpur,21.8570928,87.63282819999999
Sahapur,,
Sanbheri,21.8532895,87.627276
Nimakbarh,,
Uttar Tajpur,23.9275519,88.7229325
Chhota Nalgeria,,
Baranalgeria,22.6383016,88.36543859999999
Rasulpur Dakshinbarh,21.8465953,87.627893
Madhab Sankibarh,,
Jinandapur,21.8295621,87.63467879999999
Uttar Dulalpur,21.8206246,87.63467879999999
Bachhipur,21.8146311,87.6322113
Motaghat,22.4329227,87.8598861
Basudevpur,22.0877472,88.1364591
Maharampur,24.0988265,88.2679264
Atbati,21.8373208,87.60444319999999
Naskarpur,22.5887258,88.09759749999999
Ganeswarpur,21.6751179,87.46411189999999
Pachhim Mahespur,25.8619232,87.88074999999999
Chirulia,21.7561851,87.5061944
Shyamharibarh,,
Kashafaltalya,,
Gobindapur,,
Hamirpur,23.2527532,87.52227460000002
Baranga,21.728418,87.54205789999999
Chakghuli,21.7202165,87.54143979999999
Bheribaranga,21.70893,87.5295414
Jagadishpur,,
Kankaneshwar,,
Kanwa,23.639056,88.13401909999999
Mandar,21.6681435,87.70248169999999
Paldhui,21.7045856,87.54205789999999
Raghunathpur,,
Kanpur,22.5934953,87.5284578
Talkanpur,21.6994832,87.5698827
Sabitrapur,21.7048037,87.5568898
Madhabpur,,
Nasirpur,25.4954537,87.9028307
Gaurangabarh,,
Shikharbarh,,
Dayanidhibarh,,
Akulbad,,
Jagadish Paschimbarh,,
Depal Shashanbar,,
Ranichak,22.6154564,87.81198499999999
Depal,21.7333456,87.5479294
Kanjia,21.7310425,87.5686284
Ariapadmapur,,
Nayashyampur,21.7355472,87.57109919999999
Kadua,21.7350985,87.59147899999999
Dharas,22.5157458,88.631372
Manikabasan,21.7402167,87.5799143
Malancha,22.5004512,88.7674361
Kala Punja,21.753116,87.60135679999999
Chattapadmapur,,
Sonakania,21.8624449,87.255614
Demuriapaikbarh,,
Demuriya,23.1877835,86.9930612
Paikbarh,21.8665822,87.3730088
Kathmundi,22.8647934,88.39714839999999
Maitana Paikbarh,,
Mandarpur,22.6223907,87.6692092
Khojabarh,,
Mahammadpur,22.1879672,87.9224488
Balipukuria,22.4191218,86.96472639999999
Nij Maitana,21.7531025,87.62007589999999
Senapatibarh,,
Baksispur,21.7418257,87.75296
Uttar Maithuna,21.7415534,87.62604209999999
Dandabelbani,,
Lalpur,,
Sonamui,22.5103386,87.7480377
Bhuniyajibarh,,
Dakshin Maitana,21.737526,87.6262182
Khidirpur,,
Halalpur,24.0133085,88.22542589999999
Mahala,25.3175367,88.8142941
Char Kudla,24.0010506,88.1937598
Char Kushadanga,23.9951341,88.1961965
Par Katalia,23.1617761,88.8784884
Bhabta,23.9883062,88.2485521
Shankarpara,23.9891252,88.2552442
Gangapur,22.7830503,88.5396131
Binkar,24.0119759,88.2388162
Mahishasthli,22.1813597,87.9898205
Gopinathpur,,
Goyalpara,23.3184804,88.3348621
Pulinda,24.0064708,88.2777465
Nawda,23.9072888,88.4573454
Sahapur,,
Ratanpur,,
Betberia,22.3528939,88.57706499999999
Kheyali,22.329039,88.12448660000001
Bil Bhandardah,,
Paluighata,26.780032,88.2412504
Jafarabad,24.2797893,88.4076664
Sattarpur,23.9889046,88.3020602
Chaitanyapur,22.1375089,88.0799371
Kaharpara,23.9842978,88.2886893
Bhadur,22.9286651,87.7443457
Daluya,,
Rameswarpur,23.0296791,88.1949782
Nalkunda,23.9668435,88.2564608
Bhabtakharida,23.9801658,88.25159409999999
Maheshpur,,
Ratangopbati,22.8434071,87.5984931
Sujapur,25.0690815,88.13767899999999
Radhaballabhpur,22.6942321,88.15719349999999
Banmalipur,22.7616738,88.1949782
Baliaghati,24.5967039,87.96533350000001
Sankarpur,,
Baje Gajipur,22.1439654,88.2872902
Gajipur,23.1364148,88.7710424
Faridpur,,
Nejampur,26.0166216,87.9009911
Kadamtala,,
Maheshail,22.1813597,87.9898205
Amuha,24.5850283,87.9800273
Ekatia,24.5792872,87.9947163
Hajipur,23.0806023,87.45668169999999
Lokaipur,24.567219,87.9800273
Amdol,24.5279353,87.92857769999999
Basantapur,22.6452232,88.0424219
Kishorpur,,
Bamuha,25.689644,88.1510962
Bhairabpur,23.4278357,87.31403770000001
Prasadpur,22.7246926,88.08763359999999
Parulia,23.446217,88.3129969
Bhabki,24.5974184,88.0191871
Kayadanga,24.6056844,88.02713720000001
Mahendrapur,24.6107906,88.0204103
Hapania,23.5360424,88.2290783
Manikpur,,
Madhupur,,
Dafahat,24.6209694,88.0045062
Jagtai,24.629907,88.0198185
Debipur,,
Ichlipara,,
Raiyapur,23.631129,87.65687989999999
Pashchim Laxminagar,22.642927,88.41197199999999
Shyampur,,
Pashim Purapara,24.1276231,87.92061
Pashim Raghunathapur,22.1612252,88.4706642
Pashim Chaipara,24.5994565,88.06197859999999
Chakpurapara,,
Islampur,26.2546438,88.19741479999999
Chakmeghuyan,,
Shyampur,,
Panka,25.4926789,87.86418239999999
Narayanpur,,
Kankramari,,
Laxmipur,23.6182589,88.0155173
Khidirpur,,
Khanpur,,
Bala Garichar,,
Uttar Ghugiya,,
Ghugia,23.3421583,87.9457342
Ishan Nagar,22.4895556,88.3845779
Chandrapur,23.266857,88.52258739999999
Mahanala,23.1122875,88.55773909999999
Huda,23.2189627,88.66994799999999
Cheutiya,22.3304547,86.9054306
Mashra,24.1323081,87.6730469
Dhanicha,23.0914671,88.56015529999999
Tatla,23.0988999,88.5589473
Palagachha,23.0972899,88.545656
Pumliya,23.3320779,86.365208
Kamalpur,,
Itapukur,23.0811656,88.5734421
Jagadishpur,,
Sarmastapur,,
Chhatimtala,23.0764694,88.5480729
Lalpur,,
Baliadanga,23.9373131,88.6470477
Kanthalpuli,22.6873561,88.2643258
Uttar Ghoshpara,22.652444,88.3365436
Jashara,22.471241,87.72095589999999
Rani Nagar,24.2217631,88.5480729
Durlavpur,23.4739768,87.1276371
Charjirat,23.0684037,88.4815582
Nawdadurgapur,22.5419435,88.37866129999999
Hamidpur,22.8762263,88.4706642
Khosbas Mahalla,,
Jaykrishnapur,,
Kajipara,22.7138144,88.50485789999999
Brajerbati,,
Uttar Bhabanipur,24.7897879,87.8733874
Palpara,22.0757757,87.66551079999999
Manasapota,23.0523131,88.51180500000001
Malichagar,,
Chanduria,23.0448123,88.5057574
Priyanagar,23.0372426,88.49244949999999
Chaktarinipur,23.0370579,88.4730853
Sikarpur,23.0267171,88.4815582
Alaipur,23.0117591,88.4742958
Iswaripur,22.4174019,88.6289598
Tarinipur,23.0264842,88.4573454
Kalipur,,
Durgapur,,
Gangamonoharpur,23.0143845,88.4379653
Sarati,23.0159799,88.4488677
Umapur,24.4476749,88.0326403
Muratipur,23.4621631,87.907736
Birpara,26.7057814,89.13725269999999
Char Jadubati,22.9917999,88.4125157
Majherchar,22.9843675,88.4137279
Charnandanbati,22.9478709,88.4119096
Nausaraichar,,
Charjajira,,
Gobindapur,,
Sudhakarpur,23.5699702,88.3385053
Kasiadanga,23.5492211,88.3457906
Jagannathpur,,
Karkaria,23.5375748,88.3700662
Chandanpur,22.8761508,88.179137
Ramchandrapur,,
Tentulberia,22.4656218,88.40372599999999
Kanchkuli,,
Gopalpur,,
Chak Bhabanipur,23.5636652,88.37552629999999
Raghunathpur,,
Dahakula,23.5617274,88.40402910000002
Bholadanga,23.5619242,88.4234245
Bangaria,23.5827752,88.4258483
Nangla,22.8322343,88.7181185
Raripara,23.5904192,88.4464452
Jalsuka,23.6066734,88.4355422
Bekoail,23.6154275,88.4185765
Patikabari,23.865708,88.46218909999999
Bara Simulia,23.6061541,87.7277278
Dhananjoypur,22.4201197,87.6864647
Dhaparia,23.6663646,88.4549234
Bidyanandapur,,
Sarkarpur,23.1496354,88.4918445
Paschim Sambhupur,23.1445228,88.50212839999999
Shibpur,,
Kusuria,21.8707676,87.9310291
Patuli,23.5664443,88.2874736
Dayabadi,,
Nasra,23.164533,88.5734421
Kumar Satpur,22.6959606,88.3966726
Magurkhali,22.4213765,88.3366837
Hudapatila,23.1780496,88.58672469999999
Nokari,,
Raynagar,23.0558495,87.9016043
Pashchim Shimulia,,
Pashchim Putkhali,23.1392152,88.5722344
Ghatigachha,23.1227633,88.5637794
Baidyapur,,
Dakshin Dhakuria,23.1364321,88.59396799999999
Dakshin Khaspur,23.1215236,88.59155369999999
Naserkuli,23.1350605,88.6072441
Boalia,23.2770329,88.5057574
Nidhkur,23.2592181,88.5105955
Chirka,23.3880359,86.2437941
Garaphusara,,
Patamputra,23.3578249,86.22347239999999
Katabera,23.6072038,87.3686661
Simulbera,23.3540653,86.25268229999999
Ketika,23.3034481,86.3721836
Turang,23.1262764,86.4971277
Jangidiri,23.1199923,86.4819637
Kunda,23.5282286,87.9543099
Dakakendu,23.0964235,86.49207360000001
Purru,23.1723902,86.43138379999999
Kaparra,23.0666813,86.49207360000001
Larra,23.0728529,86.5021814
Mahara,23.3240912,86.433914
Kurmasol,23.09541,86.5135502
Majihira,23.0973124,86.53249249999999
Kadma,22.8368375,87.12358359999999
Janara,,
Bamni,23.2828765,86.0758979
Chakya,23.0678995,86.54764109999999
Nathurdi,23.0856357,86.5425921
Bankata,22.9148971,86.9986891
Barotore,,
Barkuri,23.047937,86.6573303
Madhupur,,
Gobindanagar,,
Gokulnagar,22.3030031,87.7246498
Nipanya,26.7414692,88.2193381
Dulaldi,23.0615256,86.5968422
Rangatanr,23.0511416,86.59810310000002
Basudi,23.076961,86.6938392
Simchaka,,
Dheka,23.9339298,87.8291861
Baruidiha,23.4698016,87.4219912
Gobarda,22.8832286,88.76382939999999
Tetla,23.3659082,88.46218909999999
Pialsol,23.2240807,86.6182736
Radhamadhabpur,23.0117904,87.43438359999999
Patharkata,22.5684389,88.52510679999999
Sanoda,23.0720519,86.6724407
Akshayapur,23.4160025,88.7010437
Kadiagora,,
Manpur,,
Bhengardi,22.5125814,88.6096575
Mohandi,23.0125037,86.6699226
Banshketia,22.981556,86.6837705
Nagdagora,22.9877154,86.6938392
Jamda,22.9007378,86.8809909
Dhagara,22.9777702,86.7893889
Doladanga,22.9687682,86.7127125
Sikari Jangal,22.9568157,86.7101965
Kantagara,22.9640193,86.69887279999999
Budhpur,,
Chhota Sagen,,
Doldenrya,23.0046169,86.6485137
Deshyardi,22.9981017,86.6925807
Baghkundi,23.0042606,86.70264759999999
Pirargarya,23.4390464,86.390883
Asanboni,23.6904201,86.8560684
Shimulberhia,23.5005045,86.7542081
Gopalpur,,
Kadamarrah,,
Gangurdi,,
Arjunshol,,
Sarberhia,22.2675081,88.4446282
Chandra,22.4621842,87.1485232
Khalsa,22.5327586,88.347499
Chaturbhujpur,23.4541236,86.4655308
Jhagradi,23.6006889,86.7831085
Bansbani,22.9633531,88.3967536
Purana Panchakot,23.5857744,86.7805961
Eatapara,,
Shunurhi,,
Deuli,,
Bakuliasota,23.6400095,86.8897655
Angachak,,
Dumdumi,23.6130137,86.6623676
Bhaluka,,
Kundapara,23.3610237,88.4197886
Anokhan,22.544805,88.3643594
Harpur,22.9673745,88.08641229999999
Maricha,22.9199214,88.52510679999999
Madanpur,,
Baikunthapur,,
Rajberia,22.9186647,88.5504897
Harbati,22.9134365,88.54867709999999
Pashardanga,22.9089582,88.5474687
Dhania,22.9080978,88.5347783
Mahadebpur,25.6293471,88.31891979999999
Uttar Durlavpur,22.7935072,88.46990919999999
Dadpur,23.0485676,88.43190729999999
Maganpur,22.8953348,88.5232932
Kanchiara,22.8842278,88.5299428
Urala,22.8902729,88.5396131
Ahira,24.5182109,88.0263536
Atghara,,
Noyapara,22.8128009,88.38098579999999
Raigachhi,22.6349838,88.4730853
Rekjoyani,22.6248894,88.4985951
Hatiara,22.6034621,88.4476565
Chandiberia,22.5970873,88.4371267
Jyangra,22.6108043,88.43675379999999
Krishnapur,,
Mahisbathan,22.5692148,88.4488677
Mahishgot,22.5788909,88.4482621
Tarulia,23.7373103,87.4145542
Sulanguri,26.7271012,88.39528609999999
Jatragachhi,22.5976892,88.46703219999999
Kadampukur,22.5933465,88.4803479
Dharsa Moktarpur,,
Jagadishpur,,
Bhatenda,22.6329584,88.48735599999999
Khamar,,
Kalaberia,22.0595364,87.78371179999999
Patulia,22.7592872,88.3906897
Panshila,22.7417812,88.587932
Ochhmanpur,22.6359557,88.2740982
Krishnapur,,
Bandipur,22.8446172,88.1559741
Dopede,,
Danga Digla,22.6843904,87.650655
Ishwaripur,22.3022139,88.131579
Balagarh-Singherberh,,
BhatParaNoaPara,22.7164697,88.42827199999999
Bilkanda,22.702911,88.4125157
Talbanda,22.7046023,88.4331189
Jugberiya,22.6709939,86.8508942
Muraganchha,22.6940464,88.4197886
Teghariya,22.940958,88.3906897
Masunda,22.6892966,88.44586439999999
Aharampur,24.0988265,88.2679264
Kodalia,22.9139844,88.37370639999999
Sultanpur,,
Ghoshpur,22.7296891,87.7812524
Dakshinchatra,22.8385693,88.7662339
Uttar Chatra,22.8446003,88.7758503
Papila,22.8372179,88.7842629
Solua,22.2695028,87.2866995
Kotolberiya,,
Rosui,23.6385766,88.0344745
Dauki,22.8291937,88.8064881
Ghoragachha,22.6940464,88.4197886
Uttar Shibpur,26.4566502,89.4387562
Palta Water works,22.7837123,88.343537
Sundia,22.4350578,88.5394621
Shalidaha,22.8957342,88.4863991
Ban Barrackpur,22.7637473,88.3699314
Khardah,22.7002943,88.3753455
Rahara,22.7239929,88.38680719999999
Keruliya,22.7236509,88.3869754
Rambhadrabati,23.957917,88.0100121
Dakshin Nimta,22.6633055,88.4195767
Jafarpur,22.3213882,88.2485521
sinthee-Niij,22.5765047,88.3634354
Ganeshpur,,
Goknashrigobindapur,22.6247927,88.8622992
Ghi Pukuriya,,
Golaghata,22.533389,88.7890694
Monipur,22.2033736,88.4776962
Rampur,,
Gaighata,22.9308609,88.7307683
Amkola,22.9276972,88.73737129999999
Bagna,22.9156693,88.7229325
Gopalpur,,
Charuigachhi,22.8976832,88.7084888
Naigachhi,22.8978376,88.727746
Shyampursripur,22.9030928,88.7331605
Matikomra,22.9142663,88.733762
Ichhapur,22.8081981,88.3676393
Jamadani,22.5726357,88.3638658
Bayasa,22.9040216,88.7566152
Kamiya,22.5674921,88.3275884
Garibpur,24.0087559,88.49607929999999
Gutri,22.9233902,88.75781769999999
Athero Banki,22.3587411,88.7445888
Daharani,22.3585159,88.7157113
Hediar Abad,22.3375619,88.7036731
Narayanitala,22.2742528,88.4488677
Baish Hata,26.4416718,89.80196509999999
Ramnathpur,22.7108486,88.6277537
Deogaon,,
Rajapur,23.5965449,88.36496939999999
Mirahati,25.3074986,88.3797726
Nagpara,23.220941,86.6453646
Bishar,22.6727302,88.43173689999999
Balihara,25.6427998,88.07419709999999
Pal Bhabanipur,,
Chopa,,
Namtore,,
Saiyadpur,21.6803437,87.5649218
Khanpur,,
Brahmangram,22.5038288,87.9298034
Tularam,25.3594876,88.32696759999999
Krishnacharan,25.352665,88.3129969
Karanjipara,25.3584496,88.3008448
Kadimabad,25.3467136,88.3105668
Debrajpur,23.7946344,87.3761105
Jotjagannath,25.4964925,88.46824289999999
Jotahar,25.452527,88.173752
Jadavpur,22.4939728,88.37067119999999
Ekdala,25.4823856,88.4640053
Barkafurchand,,
Khamrail,25.4847504,88.4779272
Maligaon,25.4922392,88.4863991
Raipur,,
Avirampur,,
Bhelakuri,25.5262964,88.4876093
Kapuria,25.5337342,88.49123949999999
Mastail,25.5324144,88.506967
Bagduma,25.5398515,88.5105955
Kakair,25.5325121,88.5166425
Purba  Mollapara,,
Gobrabil,25.5267852,88.53598699999999
Khanpur,,
Madhabpur   Baragachhi,25.5148957,88.5311517
Chandail,25.5222362,88.52510679999999
Panchhata,25.5220412,88.5057574
Hasnagar,25.2999196,88.6591021
Dikul,25.5027125,88.49728920000001
Ranadanga,26.68004,88.3661657
Panchanagar,25.5028598,88.51180500000001
Ramchandrapur,,
Choprabakhari,26.1883231,87.75740189999999
Lodhan,26.0673961,88.1022869
Gochinnagar,26.0854724,88.1243379
Goalpokhar,26.0827023,88.1437782
Babhan Bari,,
Goyalin,,
Debiganj,26.0471291,88.13401909999999
Ramubhita,26.0280043,88.1401188
Rajpokharkurd,,
Nishandra,26.039578,87.9052834
Paschim Khamarsal,,
Uttar Sahapur,23.9111131,88.1303589
Hatoyar,,
Mahadi Pur,24.852468,88.1254781
Dakshin Shyampur,22.0663278,88.2905129
Katabari,25.2893076,88.4803479
Jotanrottam,,
Kasba,22.5176176,88.3840499
Pancha Debati,,
Golhat,25.2949124,88.1285286
Joy Hat,23.6512001,87.245484
Aminhat,25.2754102,88.1090014
Dharampur,,
Shashan,22.6642885,88.58310259999999
Aiho,24.9598894,88.2406419
Chhoto Bahadol,25.2587696,88.1401188
Bahadol,25.2691535,88.14133869999999
Sarishatuli,25.2794452,88.13523909999999
Jagadal,22.8615191,88.3983315
Dakshin Maheshpur,25.2942871,88.13767899999999
Maghia Para,,
Nahanipur,25.3003337,88.1474374
Chhilampur,25.3048833,88.1559741
Batnabaj,25.3151439,88.1474374
Baidara,25.3160893,88.1638996
Haripur,,
Sikharpur,22.5967736,88.52873389999999
Bakharpur,24.920158,88.0839695
Barbatia,22.0008389,87.3401183
Kachua,22.681852,88.7241359
Khandagram,23.7101038,87.47773099999999
Sorrong,21.8798653,87.3190065
Rupsana,22.3380082,87.04873289999999
Pathar Mohora,23.0571829,86.6540589
Kumardih,23.629036,86.478804
Putunda,23.2176065,87.9800273
Amra,,
Shaktigarh,23.204103,87.9714565
Belna,23.1938303,87.9399277
Manikhati,23.185737,87.9322547
Jafrabad,,
Kalinagar,,
Bajesalepur,23.1778621,87.95614739999999
Totpara,23.1888731,87.944509
Barsul,23.1877169,87.970232
Tantkhanda,23.1862444,87.9714565
Dakhingopalpur,22.3996538,87.71356709999999
Samantichak,23.3094084,88.06197859999999
Kadra,22.8836191,87.5173274
Samanti,22.5579553,88.0925186
Kasthakurumba,23.3016021,88.0424431
Hariharpurchak,23.2853276,88.0399767
Nathpur,,
Sialdha,22.5676867,88.37071399999999
Karori,23.2954842,88.0191871
Sukur,23.2723673,87.95675990000001
Hatgobindapur,23.2577704,87.978803
Bonogram,22.9471649,87.9573723
Hatkanda,23.2517238,87.9714565
Korarchak,23.2597109,87.95614739999999
Bararichak,22.3601451,87.5568898
Raipur,,
Mohipal,25.5203261,88.48276849999999
Sehara,23.1021491,87.803382
Sonakur,,
Tajpur,21.658136,87.62604209999999
Purbakashiyara,23.2381264,87.9595014
Ramnagar,,
Atagarh,22.7382665,88.37370639999999
Suhari,25.341218,88.6398135
Jarul,23.1273985,87.7996945
Sayidpurchak,,
Ghatsila,22.5931454,86.48864809999999
Sahapur,,
Debgram,23.6886494,88.3093517
Bolgana,23.4462052,87.93838219999999
Purbamalkita,22.5528413,88.4500789
Saddya,23.2996856,87.99838779999999
Palashi,23.7832868,88.26071879999999
Channa,23.3606155,87.7714136
Lalbajar,22.5719846,88.3524678
Purba Krishnapur,,
PASCHIM NARAYANPUR,22.906775,88.0008352
CHANDIPUR,22.1022227,87.8574308
JAGADISHPUR,22.652507,88.289905
ASLAMPUR,26.2546438,88.19741479999999
BOLDANGA,23.9358993,88.25146509999999
BINGAR,18.9973688,73.1226641
BIPRABATI,25.1159842,88.3445765
Dakhin Khanda,23.6164822,87.2173042
Baska,23.5741687,87.17967929999999
Bagdiha,23.1661933,86.95302129999999
SEKHPARA,25.1101098,88.3494328
KANGHSA,23.4600581,87.4628736
MOHADEBPUR,23.4886608,88.2200378
CHATIA,,
SHOVAPUR,22.3634595,87.25126039999999
PAR ANANTAPUR,24.6741276,87.9849242
CHAK MAILPUR,24.8002657,88.1022869
PAR DEONAPUR,24.7324917,87.9671705
SAHABAJPUR,24.8264967,88.06564449999999
GOLAPGANJ,24.8027655,88.06564449999999
MALATIPUR,24.8054474,88.04364439999999
SHASHANI,24.7883376,88.097403
NAODA,23.9976883,88.289905
BHOLAICHAK,24.8237495,88.08274809999999
SRINIBASPUR,24.8195633,88.1035078
SAYERTANRA,24.8461981,88.0986241
CHAK DOMAI,24.8340847,88.07908359999999
AKANDA BARIA,24.8285546,88.1108325
BAIRBONA,24.8302364,88.1266983
CHAKLALU,24.8359243,88.10717029999999
DAKSHIN CHANDPUR,24.8077282,88.1059495
DEBIDASPUR,24.143343,88.2260347
FATEPUR,22.2846143,88.232467
JOTE KASHI,24.6825563,88.005118
KASIMCHAK,24.8490403,88.0888549
KAZICHAK,24.8313978,88.101066
LARCHAK,24.8313051,88.0937397
BHANDAR,23.3106926,88.16938569999999
RAJKUNDALI,25.1988312,88.3997852
MACHUAKANDAR,,
IGONTARA,,
KHARBARI,26.5539653,88.19162010000001
Bhilaibani,22.7152348,87.5061944
Jayantipur (P),22.7098888,87.5457663
Gopinathpur,,
Arajipirchak,22.7042343,87.5655396
Penkale,22.7359701,87.54762040000001
Daumabari,22.739588,87.5408217
Hrisingpur,22.7485581,87.5432941
Tokahoda,22.7426788,87.5482385
Baikunthapur,,
Narua,22.7428294,87.5581256
Jadupur,,
Chhotaakna,22.7488219,87.5605971
Baraakna,22.7577165,87.5581256
Krishnakundu,22.7516865,87.5531823
Belgere,22.7605432,87.5482385
Akatkola,22.7666111,87.55565399999999
Gangchya,22.768797,87.5525643
Shripur,23.4597942,87.84269669999999
Radhanagar,,
Bolghata,22.7821195,87.54762040000001
Simla,22.7392188,88.3215014
Dhaikhanda,22.7961574,87.5408217
Barasat,22.7228159,88.480552
Langalbhanga,24.0399539,87.5655396
Raska,22.7785581,87.5581256
Muide,22.7756934,87.5655396
Jamdan,22.7629364,87.55874349999999
Gopalpur,,
Kalakari,22.7489343,87.5680106
Bagpota,22.4587987,88.2826103
Kadamtala,,
Tenpur,22.683726,87.58777429999999
Kharsa,23.9667259,88.0305003
Srirampur Atghara,22.7045323,87.58530429999999
Atghara,,
Kenchkapur,22.6909658,87.5741877
Rankanki,22.7987207,87.56245059999999
Paramanandapur,22.2492473,87.7147986
Maula,,
Dogerya Ramchak,22.7867175,87.5562719
Rejna,22.7846255,87.5655396
Sanpur,23.2645399,88.4380966
Kochgerya Ramchak,22.7817605,87.5729523
Kalapat,22.7408304,87.57356999999999
Maheshpur,,
Sekendari,22.5366599,87.71356709999999
Jaykrishnapur,,
Balitora,23.6270105,86.8557873
Sarberya,22.2675081,88.4446282
Shaulan,22.5394636,87.7012498
Ratnapur,22.911747,87.70617709999999
Gangaprasad,24.94363,88.0644225
Kadirpur Fakirbazar,22.5574027,87.70617709999999
Salampur,23.7735051,86.8772298
Radhanagar,,
Brahman Basan,22.5542844,87.696322
Tatarpur,,
Machhgerya,22.5519541,87.68954529999999
Jotmari,22.5563331,87.6833838
Jotbani,22.5570158,87.67907029999999
Nabin Basudebpur,22.5630428,87.684
Shrirampur,,
Damodarpur,22.7796573,87.7344988
Gobindapur,,
Janarddanpur,22.0765279,87.4170333
Poshtanka,22.5536101,87.64948079999999
Kirttibaspur,22.5470078,87.6562634
Uttar Dhankhal,22.5449258,87.66674359999999
Dakshin Dhankhal,22.5388626,87.6593461
Makarampur,22.2123713,87.3903756
Abhirampur,23.4300024,87.6334451
Brindabanpur,,
Debkul,22.5452444,87.68892919999999
Jagannath Bati,22.708335,88.2193381
Bar Kashimpur,22.5392175,87.684
Saidpur,22.8426204,87.9316419
Gadaipur,24.484868,88.038754
Krishnanagar,,
Anantapur,24.1233506,88.10717029999999
Nabin Maheshpur,22.5190705,87.680919
Manikpur,,
Patla,22.5251327,87.6883131
Kashiyara,22.5240441,87.88074999999999
Dharmmasagar,22.5274455,87.69385779999999
Ramchandrapur,,
Chak Prasad,22.5143591,87.4659693
Jyotisab,22.5096111,87.696322
Paikanbalia,22.5037944,87.70617709999999
Chak Sundar,22.5032325,87.7191088
Behari Chak,22.497977,87.7160302
Dharmma,23.7399055,86.90605710000001
Chak Bualia,22.4921589,87.725881
Akhina,23.0019383,87.8770689
Alampur,,
Arui,23.0318391,87.8868846
Atapur,25.7232162,88.0045062
Baidyapur,,
Bajekowarpur,,
Balar,22.3643535,88.09496089999999
Bandiara,22.9122673,87.1809251
Barabinan,,
Barati,22.4203778,87.65256389999999
Barpur,23.020255,87.9114147
Bataspur,,
Bhanjapur,22.6305206,87.77573
Bhorkunda,22.5236256,88.8814857
Binodpur,21.9070102,88.5347783
Birpur,23.6158633,88.46218909999999
Borojpota,23.0072734,87.8294066
Brahmandanga,23.0174979,87.8169003
Chabukpur,23.0264653,87.9310291
Chak Basantabati,23.0338837,87.87277379999999
Palashpur,22.0203575,87.54205789999999
Bamchandaipur,23.2284246,87.8966983
Kandarsona,23.209548,87.9322547
Gangpur,,
Jotram,23.2229253,87.9310291
Durgabati,23.6484483,88.23820769999999
Baikunthapur,,
Ashathagoria,,
Nawpara,22.8128009,88.38098579999999
Shyamsundarpur,,
Gopalnagar,,
Alisha,23.2209023,87.890565
Bacharhut,,
Srirampur,,
Hutsimul,,
Pemra,,
Kathalgachi,22.7089167,88.5438283
Chaitrapur,,
Amirpur,23.1990506,87.92612629999999
Nandur,23.210827,87.9163191
Basatpur,22.6452232,88.0424219
Kusa,,
Korar,23.2772963,87.9353186
Ekbalpur,,
Kadigacha,23.3444892,88.6297041
Nabastha,23.259034,88.0197987
Ausa,25.3751592,88.62654750000002
Saligram,23.5443627,88.4525012
Chakundi,23.2717978,88.02897159999999
Begut,23.2418514,88.01429399999999
Hairagram,23.2530398,87.996646
Palsha,23.2513467,88.0002234
Borsua,23.1877169,87.970232
Gangua,25.5469621,88.21812039999999
Bodhpur,23.2640344,88.00328259999999
Karanda,23.3533145,88.1242578
Paschimchandipur,25.143465,87.83041449999999
Khargram,24.0266978,87.9849242
Palsit,23.2060117,88.0045062
Bhaita,23.2162898,87.9934924
Madanpur,,
Kajora,23.6122328,87.14727649999999
Srirampur,,
Tamla,23.5974715,87.2357086
Dubchururia,23.5803109,87.2275025
Andal,23.5821152,87.1857273
Bhatardaha,22.4463697,88.7096926
Chatisganda,,
Darbardanga,23.7458718,87.1397958
Chakdula,23.047858,88.5130144
Barul,22.3674751,88.10717029999999
Bhadurpur,23.6924569,87.1447831
Ghola,22.6909482,88.4076664
Dwarkhola,25.8754466,87.84358879999999
Bakcha,22.7323628,88.2461275
Patrahati,22.5213613,86.8477581
Debhog,22.2106989,87.52227460000002
Ramprasadpur,23.572114,87.1877463
Hanral,22.9736225,88.174871
Haur,22.3615264,87.650714
Nagbal,22.9683879,88.2108741
Kunchpala,22.976413,88.2242084
Ayama,22.6094972,87.4095955
Maheswarpur,23.1696981,88.3397196
Aanti,22.5699055,88.34348109999999
Marebung T.E.,,
Kungradi,,
Satithan,22.9825303,88.2388162
Dighagari,22.9654828,88.2455099
Bhushali,22.9752069,88.24976889999999
Keshabpur,22.8861165,87.8991514
Mirkhila,22.9470652,88.2631517
Chawpala,22.5988187,88.30973139999999
Dhanijpur,22.9484345,88.2522024
Goswami Malipara,22.9528075,88.24368439999999
Dumurpur,22.9709216,88.2289521
Krishnapur,,
Shrirampur,,
Somsara,23.224812,87.6408469
Beraberi,22.8631484,88.21446720000002
Paschim Shikta,22.9295837,88.1645092
Ghatampur,22.4665045,88.0424219
Badista,22.8867907,88.17217649999999
Khidirpur,,
Dakshin Dadpur,22.9359003,88.1961965
Tamila,22.9328674,88.191323
Ichhpur,22.8081981,88.3676393
Basta,23.2379946,88.632578
Mushar,22.9041693,88.22116450000001
Uttar Babnan,22.3268349,87.8340995
Kadipara,22.8944302,88.215685
Dakshin Babnan,22.8796491,88.22542589999999
Tamsad Khasmahal,,
Jorbanglo Khasmahal,,
Phutka,,
Nischinda,22.6557055,88.32565819999999
Parmaguri K.M,,
JARULHATTA,,
Rangaroong T.G,,
Ista,22.8867907,88.17217649999999
Alipur,26.4918891,89.52710259999999
Hasnan,22.9402374,88.17857359999999
Kantagoreh,,
Gobindapur,,
Komdhara,22.8797569,88.23516479999999
Dangarbila,22.2810625,87.0518092
Pulung Dung t.g,,
Sekendarpur,22.756538,87.8954717
Danrpur,22.9188127,88.19924209999999
Popai,22.9409501,88.2485521
Chanda,22.8913299,88.6603073
Ganeshpur,,
Pubud Chiya Kaman,,
Pusum Bing T.E.,,
Junshola,,
Samanta Khanda,22.9808986,87.650714
Lingia T.G,,
Mim T.G,,
Kalikapur,22.5009134,88.39493449999999
Kamalpur,,
Paidi,,
India Chak,23.4158213,88.2546358
Hirapur,23.661005,86.9367456
Sitarampur,23.7233343,86.89477889999999
Belrui,23.7193737,86.885374
Kumardiha,,
Chhoto Digori,,
Lachhipur,,
Bamandiha,23.1173651,86.3655534
Bejdihi,,
Jute Estuary,,
Niyamatpur,23.7169033,86.87981839999999
Aldihi,23.7021655,86.8861003
Talkunri,,
Methani,23.6936126,86.89477889999999
Bidyanandapur,,
Herelgaria,,
Chinakuri,23.6824291,86.8559116
Jamadiha,26.4599717,88.9725007
Nabaghanadi,23.5615083,86.82956449999999
Junut,,
Bhaladi,23.4562969,87.6263506
Chaparadi,23.4964177,86.5627851
